Add default members to created project	http://www.redmine.org/plugins/default_members	When creating poject assign to it default members, from a default group with default roles(specified in plugin settings).	Compatible with Redmine 1.3.x.
Add Subversion Links	http://www.redmine.org/plugins/add_subversion_links	This plugin is more useful when you use it with 	Compatible with Redmine 2.1.x.
Advanced Drag&Drop Gantt 	http://www.redmine.org/plugins/advanced-drag-drop-gantt	You can easily drag &amp; drop issues in time and change their realization time. You can even drag &amp; drop whole series of the tasks which are connected with some relation.	Compatible with Redmine 2.4.x, 2.3.x, 2.2.x, 2.1.x, 2.0.x, 1.4.x, 1.3.x, 1.2.x, 1.1.x, 1.0.x, 0.9.x, 0.8.x, 0.7.x.
Advanced Help Desk	http://www.redmine.org/plugins/advanced-help-desk	Upgraded solution for automation of your support and customer care. Previous version 	Compatible with Redmine 2.3.x, 2.2.x, 2.1.x.
Advanced Membership Management	http://www.redmine.org/plugins/advanced_membership_management	This plugin makes 3 times mainly:	Compatible with Redmine 2.2.x.
Advanced reminder	http://www.redmine.org/plugins/advanced_reminder	E-mail notification of issues due date you are involved in (Assignee, Author, Watcher)	Compatible with Redmine 0.7.x, 0.8.x, 0.9.x, 1.0.x, 1.1.x.
Advanced roadmap	http://www.redmine.org/plugins/advanced_roadmap		Compatible with Redmine 1.4.x.
Agile Dwarf	http://www.redmine.org/plugins/agile_dwarf	Watch your project make headway, match progress against estimates, create and assign tasks in one click, know instantly who’s working on what in a clear kanban-like environment. All this and much more becomes possible with Agile Dwarf, a new powerful open source Scrum tool. 	Compatible with Redmine 1.0.x, 1.1.x, 1.2.x, 1.3.x, 1.4.x, 2.0.x, 2.1.x.
Alerts - Early Warning System	http://www.redmine.org/plugins/alerts-early-warning-system	Cease problematic projects. Prevent the problems with Early Warning System. Define your own alerts and be notified via e-mail before the problem occurs.	Compatible with Redmine 2.1.x.
All Time Team Plugin	http://www.redmine.org/plugins/all-time-team	This plugin show you your team activity.	Compatible with Redmine 0.8.x, 0.9.x.
Allocation	http://www.redmine.org/plugins/redmine_allocation	Allocation is a Redmine plugin to record and keep track of people's allocation to projects.	Compatible with Redmine 1.2.x, 1.3.x, 1.4.x.
Announcements	http://www.redmine.org/plugins/announcements	Site Wide Announcements in Redmine	Compatible with Redmine 2.2.x, 2.1.x.
Anonymous Authors	http://www.redmine.org/plugins/anonymous-authors	Recommended to use together with 	Compatible with Redmine 2.1.x, 2.0.x, 1.4.x.
Anonymous Watchers	http://www.redmine.org/plugins/anonymous-watchers	Recommended to use together with 	Compatible with Redmine 2.1.x, 2.0.x, 1.4.x.
apijs (with lightbox system)	http://www.redmine.org/plugins/apijs	Integrate the 	Compatible with Redmine 2.2.x, 1.4.x.
Application Menu Adds	http://www.redmine.org/plugins/redmine_appmenuadds	Plugins for redmine for tabs in main menubar for wiki pages, externals URLs or wiki project pages	Compatible with Redmine 0.9.x, 1.0.x, 1.1.x, 1.2.x.
Assets Plugin	http://www.redmine.org/plugins/redmine_assets_plugin	Provides a central location to view all your project's assets.	Compatible with Redmine 0.9.x, 1.0.x, 1.1.x, 1.2.x.
Attach image from clipboard	http://www.redmine.org/plugins/clipboard_image_paste	Paste image from clipboard as an attachment.	Compatible with Redmine 2.3.x, 2.2.x, 2.1.x, 2.0.x, 1.4.x.
Attach Screenshot	http://www.redmine.org/plugins/redmine_attach_screenshot	This plugin  allows attaching several screenshots from clipboard directly to a Redmine issue.	Compatible with Redmine 1.0.x, 1.1.x.
Attachments	http://www.redmine.org/plugins/projects-attachments	You can now see all the attachements within a project sorted in one place.	Compatible with Redmine 2.4.x, 2.3.x, 2.2.x, 2.1.x, 2.0.x, 1.4.x, 1.3.x, 1.2.x, 1.1.x, 1.0.x, 0.9.x, 0.8.x, 0.7.x.
Attendance	http://www.redmine.org/plugins/attendance	Monitor vacations, home-office, day-offs, sick leaves or simply time in office in your Redmine.	Compatible with Redmine 2.3.x, 2.2.x, 2.1.x, 2.0.x.
Author box	http://www.redmine.org/plugins/author	This plugin allows to add box(es) with project members of a particular role to the side bar of project overview and Wiki pages. This box contains member's gravatar, first name and last name (and other data if you have 	Compatible with Redmine 2.1.x, 2.0.x, 1.4.x, 1.3.x, 1.2.x, 1.1.x, 1.0.x.
Auto assigned user	http://www.redmine.org/plugins/auto_assigned_user	If an user forget to assign the issue, this plugin will auto-assign to the project manager.	Compatible with Redmine 1.0.x, 1.1.x.
Auto Identifier	http://www.redmine.org/plugins/redmine_auto_identifier	Automatically fills in the project identifier field with the safe project name.	Compatible with Redmine 1.0.x, 1.1.x, 1.2.x, 1.3.x.
Autohier	http://www.redmine.org/plugins/autohier	Automatically sets a wiki page's parent page based on its name.	Compatible with Redmine 1.1.x.
Avoid duplicated name in projects list	http://www.redmine.org/plugins/avoid_duplicated_name_in_projects_list	This plugin modify the index page of projects to show ancestors' name (as text, no link) of visible projects, even when ancestors are not visible.	Compatible with Redmine 2.2.x.
Backlogs	http://www.redmine.org/plugins/backlogs	A Redmine plugin for agile teams	Compatible with Redmine 2.2.x, 2.1.x, 2.0.x, 1.1.x.
Banner	http://www.redmine.org/plugins/banner	Plugin to show site-wide message from site administrator, such as 	Compatible with Redmine 2.3.x, 2.2.x, 2.1.x.
Basic Polls	http://www.redmine.org/plugins/redmine_polls	Adds basic polls management to Redmine (the 	Latest News
Better Gantt Chart	http://www.redmine.org/plugins/redmine_better_gantt_chart		Compatible with Redmine 1.1.x, 1.2.x, 1.3.x, 1.4.x.
BigBlueButton	http://www.redmine.org/plugins/redmine_bbb	This plugin allows to start and join web meetings using a BigBlueButton server (	Compatible with Redmine 0.9.x, 1.0.x.
Blocks layout	http://www.redmine.org/plugins/redmine_blocks	Controls presence of boxes on 	Home
Boards/Wiki/Issues watchers management	http://www.redmine.org/plugins/redmine_boards_watchers	Plugin adds ability to select priority level for sticky messages. Messages sorted by level first and modification time second	Settings-&gt;Forums
Book Meeting Room	http://www.redmine.org/plugins/mmqb	The plug-in lets you book and thence display meeting rooms on a calendar interface.	Creating Tracker
Bookmarks on My Page 	http://www.redmine.org/plugins/redmine_bookmarks	Redmine Bookmark block plugin for My Page	Compatible with Redmine 1.0.x, 1.1.x, 1.2.x.
Bots Filter	http://www.redmine.org/plugins/redmine_bots_filter	Bots Filter prevents common bots from crawling various urls. This plugin is usefull for Redmine instances that can be anonymously accessed from the internet to reduce search engine bots trafic.	Compatible with Redmine 0.8.x, 0.9.x, 1.0.x.
BugCam	http://www.redmine.org/plugins/bugcam	 is a video recording tool for software developers and testers that integrates directly with Redmine. Bugcam makes it easier to document and reproduce complicated bugs. Bug videos created with Bugcam can can also incorporate your voice, so you can explain what you're doing as your screen is being recorded. Bugcam is completely free for casual use (up to five bug videos per month).	Compatible with Redmine 0.7.x, 0.8.x, 0.9.x, 1.0.x, 1.1.x, 1.2.x, 1.3.x.
BugHerd for Redmine	http://www.redmine.org/plugins/redmine_bugherd	This plugin enables a full 2-way integration with BugHerd, the world's simplest bug tracker for websites.	Compatible with Redmine 1.2.x, 1.3.x.
Calculated Custom Fields	http://www.redmine.org/plugins/calculated-custom-fields	Custom field which can make calculation. Just like a formula in a spreadsheet cell- it takes some values from other custom fields or native Redmine fields, apply formula on them the provide result.	Compatible with Redmine 2.4.x, 2.3.x, 2.2.x, 2.1.x, 2.0.x, 1.4.x, 1.3.x, 1.2.x, 1.1.x.
Campfire Notifications	http://www.redmine.org/plugins/redmine-campfire_notifications	This plugin adds campfire support. Currently, it has hooks to report notifications on issues, messages, and the wiki.	Compatible with Redmine 0.9.x, 1.0.x, 1.1.x, 1.2.x.
Canned Responses	http://www.redmine.org/plugins/canned_responses	Store and use prepared (canned) responses, per-project or globally.	Compatible with Redmine 2.2.x, 2.1.x, 2.0.x.
Carousel	http://www.redmine.org/plugins/redmine_carousel	The plugin can be used for periodic actions that occur during project development process. It automatically generates issue assigned to the next user in the carousel queue every specified time period. You can set users queue, issue settings and time period. Redmine Carousel depends on business_time gem, so you can specify your working hours and holidays, so issues won't be generated if there is nobody in the office.	Compatible with Redmine 1.4.x.
CAS Web Authentication	http://www.redmine.org/plugins/redmine_cas	Redmine plugin to support authentication via 	José Manuel Prieto
Changeauthor Plugin	http://www.redmine.org/plugins/redmine_changeauthor	That plugin provides functionality, to change the authoring information of an issue. In many cases, e.g. getting ticket-request by email, an author-information has been set to "Anonymous" user by the redmine system. Because of workflow purposes or "pro forma", the ticket could be assigned to the an different author. 	Compatible with Redmine 1.1.x.
Charts 2	http://www.redmine.org/plugins/redmine_charts2	Plugin which integrates with Redmine 	Compatible with Redmine 2.3.x, 2.2.x, 2.1.x, 2.0.x.
Chat - JChat	http://www.redmine.org/plugins/jchat		Compatible with Redmine 1.0.x.
Checklist	http://www.redmine.org/plugins/issue_checklist	Redmine plugin for adding checklist functionality to issues	Compatible with Redmine 2.3.x, 2.2.x, 2.1.x, 2.0.x.
Checkout	http://www.redmine.org/plugins/redmine_checkout	Add configurable information about available checkout/clone URLs and general information to the repository.	Compatible with Redmine 0.9.x, 1.0.x, 1.1.x.
ChiliVideos	http://www.redmine.org/plugins/chili_videos	ChiliProject/Redmine plugin which integrates with Transload.it to offer a private "YouTube-like" setup to your project site.	Compatible with Redmine 0.9.x, 1.0.x, 1.1.x, 1.2.x.
Close Column	http://www.redmine.org/plugins/close_column	This plugin adds a first and last closed date column to issue lists.	Compatible with Redmine 1.2.x.
Close Issue button	http://www.redmine.org/plugins/redmine_close_button	Plugin that places "Close issue" button into contextual toolbar of shown issue.	Compatible with Redmine 0.9.x, 1.0.x, 1.1.x, 1.2.x, 1.3.x.
CMI	http://www.redmine.org/plugins/redmine_cmi	CMI is a Redmine plugin to have a summarized view of the projects.	'Cuadro de Mando Integral'
Cmis for Redmine 2.x	http://www.redmine.org/plugins/cmis_4_redmine_2	Cmis plugin for branches 2.x of Redmine. No backwards compatibility enabled, if you need Cmis integration with Redmine 1.x, please check.-	Tested against Alfresco Cmis Services
CMS	http://www.redmine.org/plugins/cms	Pluing helps to make simpe front end website based on Liquid template language, menus and snipets. 	Compatible with Redmine 2.3.x, 2.2.x.
Code block line numbering	http://www.redmine.org/plugins/line_numbers	Redmine plugin that enables line numbering in code blocks and adds a toggle button to turn it on/off.	Compatible with Redmine 2.4.x, 2.3.x, 2.2.x, 2.1.x, 2.0.x.
Code Review	http://www.redmine.org/plugins/codereview	Code Review is a plugin which lets you annotate source code within the repository browser.	Compatible with Redmine 2.3.x, 2.2.x, 2.1.x.
Coderwall Plugin	http://www.redmine.org/plugins/redmine_coderwall	A plugin for Redmine that displays your Coderwall achievements on My Page and user profile.	Compatible with Redmine 2.1.x, 2.0.x, 1.4.x.
Collapse Quotes	http://www.redmine.org/plugins/collapse_quotes	Redmine plugin to collapse quotes in issue history.	Compatible with Redmine 1.2.x.
Commit Relation Editor	http://www.redmine.org/plugins/commit_relation_editor	This plugin let you edit relations between commits and issues.	Compatible with Redmine 1.3.x.
Configurable projects view	http://www.redmine.org/plugins/projects_view_config	Adds a configuration in "My account", what projects are to be displayed in a "my" projects view. 	Compatible with Redmine 1.4.x.
Contact form	http://www.redmine.org/plugins/contact_form	The Contact form plugin for Redmine adds contact forms allowing to send emails to site owners (top menu item) and/or site members (new link in user profile). The contact form can be configured to meet your needs and supports custom fields.	Compatible with Redmine 1.0.x, 1.1.x, 1.2.x.
Contacts - Contacts Database	http://www.redmine.org/plugins/contacts-database	With this plugin, you will have all contacts at your fingertips! No more boring searching!	Compatible with Redmine 2.3.x, 2.2.x, 2.1.x, 2.0.x, 1.4.x.
Context menu watchers	http://www.redmine.org/plugins/redmine_context_menu_watchers	Plugin adds 'Watchers' submenu to issues' context menu allowing to perform various watchers' related operations on selected issues:	Compatible with Redmine 1.3.x.
Create multiples time entries	http://www.redmine.org/plugins/create_multiples_time_entries	This plugin adds a link at the bottom of the log time form (only when creating, not when editing) to log time massively. The link display the same form but with a multiple choice select field to select users. The logged time will be created for those users selected. This is accessible only if the user has the 'create_multiple_time_entries' permission.	Compatible with Redmine 2.2.x.
CRM	http://www.redmine.org/plugins/contacts	Redmine CRM plugin is light CRM which you can manage customers and deals, track tasks and store files	Compatible with Redmine 2.3.x, 2.2.x, 2.1.x.
Custom Field for Best Practical RT Ticket Number	http://www.redmine.org/plugins/redmine_rt_custom_field	This is a custom field type (named RT) that allows you to input a RT (Request Tracker) ticket number. That ticket number will link directly to the ticket in your RT instance. Very basic plugin but needed in my work environment so we can reference RT tickets from bugs filed against an application.	Compatible with Redmine 2.3.x, 2.2.x, 2.1.x, 2.0.x, 1.4.x, 1.3.x, 1.2.x, 1.1.x, 1.0.x, 0.9.x.
Custom Workflows	http://www.redmine.org/plugins/custom-workflows		Compatible with Redmine 2.1.x, 2.0.x, 1.4.x, 1.3.x, 1.2.x.
Daily Status	http://www.redmine.org/plugins/daily_status	redmine_daily_status
====================	Compatible with Redmine 2.2.x.
Default queries per project	http://www.redmine.org/plugins/redmine_default_columns	Plugin allows to apply default queries for individual project or for projects based on their type.	redmine_default_columns
Default Version	http://www.redmine.org/plugins/default-version	With this plugin its possible to add a default version to a project. Heavily based on patches provided by 	Compatible with Redmine 1.2.x.
detailed timed tab	http://www.redmine.org/plugins/redmine_issue_detailed_tabs_time	have tabs in issue, also adds detailed time logs with the rest of comments and issues.	Compatible with Redmine 2.2.x, 2.1.x, 2.0.x.
Did You Mean?	http://www.redmine.org/plugins/didyoumean	 is a Redmine plugin designed to warn users before they enter duplicate issues, in an attempt to mitigate 	Did you mean?
Diff Emails	http://www.redmine.org/plugins/redmine_diff_email	This plugin sends diff emails for each changeset pushed to a repository.	Compatible with Redmine 1.0.x.
Digest	http://www.redmine.org/plugins/digest	This plugin sends email digests. A digest is a summary of a project's activity over a period of time. Each project is checked for activity during the specified period of time, and if there is new activity, an email is sent to each user who has opted to receive the digest.	Compatible with Redmine 1.2.x, 1.3.x, 1.4.x, 2.0.x.
DMSF	http://www.redmine.org/plugins/dmsf	DMSF is Document Management System Features plugin.	Compatible with Redmine 2.3.x.
DocPu, Document publishing plugin	http://www.redmine.org/plugins/redmine_doc_pu	This plugin enables 	PDF
Documents Short	http://www.redmine.org/plugins/redmine_documents_short	A Redmine plugin which displays the documents list in a shorter way.	Compatible with Redmine 2.3.x, 2.1.x.
Doodles	http://www.redmine.org/plugins/redmine_doodles	A doodle module for redmine, a doodle in this case being a collection of simple yes-no questions. The Doodles currently generates an activity entry on creation and answer creation/update, are watchable (i.e. watchers get a notification each time a user gives an or updates his answer), and can be used for simple polls or to plan a meeting date (just enter the possible dates as options). Languages currently supported are english, german, french, russian and korean, the UI has only been tested with gravatars enabled and the alternate theme.	Compatible with Redmine 1.0.x, 1.1.x, 1.2.x.
Download button	http://www.redmine.org/plugins/download	Redmine has "Files" tab for publishing files for download. However it is not always clear that users should use this tab to find the project releases. That's why the "Download button" plugin has been written.	Compatible with Redmine 2.2.x, 2.1.x, 2.0.x, 1.4.x, 1.0.x.
Dropbox Attachment Storage	http://www.redmine.org/plugins/redmine_dropbox_attachments	Use Dropbox as the storage backend for your Redmine installation.	Compatible with Redmine 2.3.x, 2.2.x, 2.1.x, 2.0.x.
Due Date Reminder	http://www.redmine.org/plugins/due_date_reminder	Installation instruction on GitHub 	Compatible with Redmine 1.3.x, 1.4.x, 2.0.x, 2.1.x.
Duplicate views list	http://www.redmine.org/plugins/redmine_list_duplicate_views	Plugin displays list of Redmine main app views which are substituted in plugins and shows conflicts between plugins as well	Compatible with Redmine 1.3.x, 1.4.x, 2.0.x.
Easy Agile	http://www.redmine.org/plugins/easy_agile	Easy Agile is a simple task board which allows you to define stories and track their statuses through iteration. The application is quite straigtforward for the people familiar with the SCRUM and Agile methodology. Based on the original 	Compatible with Redmine 1.0.x.
Easy Redmine	http://www.redmine.org/plugins/easyredmine	Easy Redmine is Redmine 2.0. compatible extensions which enhances your Redmine with plenty of useful features and provides non-geek user interface.	Compatible with Redmine 2.3.x, 2.2.x, 2.1.x, 2.0.x.
ekanban	http://www.redmine.org/plugins/ekanban	Thank you for your interest in eKanban.	Compatible with Redmine 2.2.x, 2.1.x.
Email Notification Content Filter	http://www.redmine.org/plugins/redmine_email_notification_content_filter	This plugin allows you to hide fields from the issue update notification emails, so no sensitive information goes to the email. It can be activated per project and allows you to hide the issue title, description and/or notes.	Compatible with Redmine 2.2.x, 1.4.x.
Embedded Flash Macro	http://www.redmine.org/plugins/redmine_embedded_flash	Note that this plugin patches attachments_controller.rb to use the 	Compatible with Redmine 2.2.x, 2.1.x, 2.0.x, 1.4.x, 1.3.x, 1.2.x.
Embedded Video	http://www.redmine.org/plugins/redmine_embedded_video	This Plugin allows you to show Video attachements and URLs in Wiki, Tickets etc.	Compatible with Redmine 2.4.x, 2.3.x, 2.2.x, 2.1.x.
Environment CSS	http://www.redmine.org/plugins/environment-css	This redmine plugin adds the environment name as class to the body of every HTML page. This allows you to customize CSS for staging, development or testing servers.	Compatible with Redmine 1.0.x.
Equipment Status Viewer	http://www.redmine.org/plugins/redmine_equipment_status_viewer	Equipment Status Viewer is a Redmine plugin that tracks the location of equipment. It uses a check in system to track where each item is. It can also print out a QRCode label that your iPhone or Andriod phone can snap and check in quickly.	Compatible with Redmine 1.1.x.
EVM	http://www.redmine.org/plugins/redmine_evm	This plugin generates line graphical indicators, per Project and open Versions, used in EVM (Earned-Value Management). It shows actual cost (hours reported in log time), planned value (estimated hours indicated in new issue), and earned value distributed in weeks / years. It also shows cpi and spi indicators. Tested on redmine 2.1.3	Compatible with Redmine 2.1.x.
Extended Fields	http://www.redmine.org/plugins/extended_fields	The Extended Fields plugin "extends" custom fields by:	Compatible with Redmine 2.2.x, 2.1.x, 2.0.x, 1.4.x, 1.0.x.
Extended Profile	http://www.redmine.org/plugins/extended_profile	The default Redmine profile has no information about users themselves - only what issues did they add, what changes did they make etc. There is no way to tell anything about yourself as well...	Compatible with Redmine 2.2.x, 2.1.x, 2.0.x, 1.4.x, 1.0.x.
Extended spent time	http://www.redmine.org/plugins/extended_spent_time	Redmine plugin used to extend spent time visualisation options located in "my page".	Compatible with Redmine 1.1.x.
Extended Watchers	http://www.redmine.org/plugins/redmine_extended_watchers	This plugin allows users that can view at least own and assigned issues in a project to be notified of some issue if set as watchers, making patch 	Compatible with Redmine 2.3.x, 2.2.x, 2.1.x.
external_link	http://www.redmine.org/plugins/external_link	The external link plugin is supported the following features.	Compatible with Redmine 2.4.x, 2.3.x, 2.2.x.
Extra query operators plugin	http://www.redmine.org/plugins/redmine_extra_query_operators	Plugin adds extra operators to issues query, allowing to select exact dates and offsets from current date. Also this plugin adds ability to use regular expressions in text fields	due date
Facebook Like button	http://www.redmine.org/plugins/like	This plugin adds Facebook 	Compatible with Redmine 2.2.x, 2.1.x, 2.0.x, 1.4.x, 1.0.x.
Favorite Locations	http://www.redmine.org/plugins/favorite_locations	Favorite Locations is a plugin by 	Compatible with Redmine 2.3.x.
Favorite projects	http://www.redmine.org/plugins/favorite_projects	Helps to clean up projects jumpbox. We have about active 50 project in redmine and it is quite inconvenient searching they in right conner jumpbox. This plugin helps organize it.	Compatible with Redmine 2.3.x, 2.2.x, 2.1.x.
Favourite issues	http://www.redmine.org/plugins/favourite_issues	Bookmarking favourite tasks by Like button with Query inclusion	Compatible with Redmine 1.0.x.
Favourite Projects	http://www.redmine.org/plugins/redmine_favourite_projects	A plugin for Redmine to provide a list of favourite projects on My Page, Jump to a Project dropdown or on Top Menu.	Compatible with Redmine 2.1.x.
Fields permissions	http://www.redmine.org/plugins/redmine_fields_permissions	Fields permissions plugin allow you to enable or disable the view of 3 fields in the workflow, fields can be disabled :	Compatible with Redmine 1.3.x.
Finance	http://www.redmine.org/plugins/finance	Plugin for simple accounting with Redmine	Compatible with Redmine 2.3.x, 2.2.x, 2.1.x.
Gantt with date	http://www.redmine.org/plugins/redmine_gantt_with_date	Show day instead of cweek on the gantt chart.	Compatible with Redmine 1.3.x, 1.4.x.
Gems	http://www.redmine.org/plugins/redmine_gems	Gems allows you to create automatically 	Compatible with Redmine 0.9.x, 1.0.x.
Gist Embed	http://www.redmine.org/plugins/gist	Redmine plugin adding a {{gist}} macro that embeds 	Compatible with Redmine 2.3.x, 2.2.x, 2.1.x, 2.0.x, 1.4.x, 1.3.x, 1.2.x.
Github Hook	http://www.redmine.org/plugins/redmine_github_hook	Allow your Redmine installation to be notified when changes have been pushed to a Github repository.	Compatible with Redmine 0.9.x, 1.0.x.
Gitolite Hook	http://www.redmine.org/plugins/redmine_gitolite_hook	Allow your Redmine installation to be notified when changes have been pushed to a Gitolite server repository.	Compatible with Redmine 0.8.x, 0.9.x, 1.0.x.
Gitosis	http://www.redmine.org/plugins/redmine_gitosis	A Redmine plugin which interacts with Gitosis to give you repository management similar to Github. Complete with public key management, automatic repository creation, and privileges based on Redmine project membership.	Compatible with Redmine 0.9.x, 1.0.x, 1.1.x.
GitRevision Download	http://www.redmine.org/plugins/redmine_gitrevision_download	This plugin adds a download link to Redmine's built-in Git repository browser.	Compatible with Redmine 0.9.x, 1.0.x.
Glossary	http://www.redmine.org/plugins/glossary	This is the Redmine plugin which adds the feature of the glossary.	Compatible with Redmine 1.0.x, 1.1.x, 1.2.x.
Google Ads	http://www.redmine.org/plugins/sense	How do you add Google Ads to your Redmine? By using some sidebar plugin? By modifying Redmine RHTML files?..	Compatible with Redmine 1.0.x, 1.1.x, 1.2.x, 1.3.x.
Google Apps login	http://www.redmine.org/plugins/google_apps	Login to Redmine with your Google Apps domain user.	Compatible with Redmine 1.0.x, 1.1.x, 1.2.x, 1.3.x.
Google Docs	http://www.redmine.org/plugins/redmine_google_docs_plugin	Link your google docs to issues. See github page for usage and installation instructions	Compatible with Redmine 1.0.x.
Group Assignee Plugin	http://www.redmine.org/plugins/groupsassignee	This plug-in can set the group representatives.	Compatible with Redmine 1.2.x, 1.3.x.
Groups management plugin	http://www.redmine.org/plugins/groupmanager	This plugin provide a groups management  project module.	Compatible with Redmine 2.2.x.
Haltr	http://www.redmine.org/plugins/haltr	A simple invoicing solution.	Compatible with Redmine 1.4.x, 1.3.x, 1.2.x, 1.1.x, 1.0.x.
Harvest Timelog	http://www.redmine.org/plugins/redmine_harvest_timelog	Plugin which integrates Redmine Timelog with Harvest app (	Compatible with Redmine 1.0.x, 1.1.x, 1.2.x.
Help Desk	http://www.redmine.org/plugins/help-desk	Solution for automation of your support processes. 4 easy steps lead to fully automated support system within your Easy Redmine. This plugin is distributed together with Alerts - Early Warning System (	Compatible with Redmine 2.2.x, 2.1.x, 2.0.x, 1.4.x.
Hide Emails by Default	http://www.redmine.org/plugins/hide-emails	Simple redmine plugin that hides the user's emails by default.	Compatible with Redmine 1.0.x.
Hide Estimated Hours	http://www.redmine.org/plugins/redmine_hide_estimated_hours	This Redmine plugin reuses the standard "view_time_entries" permission to hide the estimated hours for specific roles from	Compatible with Redmine 2.3.x, 2.2.x.
Hide Sidebar	http://www.redmine.org/plugins/sidebar_hide	This plugin adds a tiny hide button next to the sidebar. Clicking this button hides the sidebar.	Note: This plugin is tested with default theme. It may not work as intended with other themes.
Hide user profile	http://www.redmine.org/plugins/hide_user_profile	Add permission to view user profile, hide members box in projects, Link to user is a string. Member profile page is not available - 403.	Compatible with Redmine 1.4.x.
Hipchat Notifications (per project)	http://www.redmine.org/plugins/redmine_hipchat_per_project	HipChat Per Project Notifications from Redmine	Compatible with Redmine 1.4.x.
Hoptoad Server v2	http://www.redmine.org/plugins/redmine_hoptoad_server_v2	An implementation of the Hoptoad protocol 2.0 for Redmine which automatically creates issues from notices submitted via Hoptoad notifiers. Inspired by and loosely based on the 	Administration -&gt; Settings -&gt; Incoming emails
Hudson	http://www.redmine.org/plugins/t-ando_redmine_hudson	Hudson is a plugin which integrates Hudson jobs into Redmine.	Compatible with Redmine 2.2.x, 2.1.x.
Ical	http://www.redmine.org/plugins/redmine_ical	Redmine Ical aims to provide an ical/ics feed or export of issues and versions to be imported into/subscribed from a calendaring software.	Compatible with Redmine 1.0.x.
Image Uploader of CKEditor plugin (CKFinder)	http://www.redmine.org/plugins/ckfinder_for_redmine	You can use CKFinder to uploading images in CKEditor plugin.	Compatible with Redmine 1.4.x, 1.3.x.
Impasse	http://www.redmine.org/plugins/impasse	Impasse is test management tool like Testlink.	Compatible with Redmine 1.1.x, 1.2.x, 1.3.x, 1.4.x, 2.0.x.
Importer	http://www.redmine.org/plugins/importer	Redmine Importer allows importing issues in bulk from .csv files.  Fields will default to name-based mapping but can be overridden at the confirmation screen.  Existing issues can be updated, and issue relationships and custom fields are supported.	Compatible with Redmine 1.0.x, 1.1.x, 1.2.x.
Improved Searchbox	http://www.redmine.org/plugins/redmine_improved_searchbox	Converts Redmine project jumpbox with searchable Select2 combobox.	Compatible with Redmine 2.3.x, 2.2.x, 2.1.x.
Incentify	http://www.redmine.org/plugins/redminedonayincentify	This plugin integrates your Redmine with the service and displays a panel on the issue detail page.	Compatible with Redmine 2.3.x, 2.2.x, 2.1.x, 2.0.x, 1.4.x, 1.3.x, 1.2.x, 1.1.x, 1.0.x.
Initr	http://www.redmine.org/plugins/initr	Initr adds a user interface to configure Puppet modules and acts as an external node classifier to puppet server.	Compatible with Redmine 1.4.x, 1.3.x, 1.2.x, 1.1.x, 1.0.x.
Inline Note Images plugin	http://www.redmine.org/plugins/redmine_inline_note_images_plugin	This plugin lets you preview images attached to issue notes. 	Compatible with Redmine 2.3.x, 2.2.x, 2.1.x, 2.0.x.
Invoices	http://www.redmine.org/plugins/invoices		Compatible with Redmine 2.3.x, 2.2.x, 2.1.x.
Issue cloner	http://www.redmine.org/plugins/redmine_issue_cloner	Redmine plugin that clone issues at the start of month and postpone issues dates	Compatible with Redmine 0.9.x, 1.0.x.
Issue Closed Date	http://www.redmine.org/plugins/closed_date	A plugin that records the end date, allowing to filter by this date, and include it on issues list	Compatible with Redmine 0.9.x, 1.0.x, 1.1.x.
Issue from message	http://www.redmine.org/plugins/redmine_issue_from_message	Plugin allows to create issue from forum message in user selected project	Compatible with Redmine 1.3.x, 1.4.x, 2.0.x.
Issue History	http://www.redmine.org/plugins/redmine_issue_history	Add description history to issues. You can diff current version of description with previous versions	Compatible with Redmine 1.0.x, 1.1.x.
Issue Hot Buttons	http://www.redmine.org/plugins/issue_hot_buttons	Provide configurable hot buttons for often used actions like "Assign to Me", "Tested", "Resolved", etc. Also provide special "Time tracker" hot button to more simple tracking working time and buttons "Next Issue" and "Previous Issue".	Compatible with Redmine 1.2.x, 1.3.x.
Issue Involvement Filter	http://www.redmine.org/plugins/involvement_filter	A plugin to filter out issues in which the current user is involved.	Compatible with Redmine 1.3.x.
Issue notification	http://www.redmine.org/plugins/issue_notification	Issue notification is redmine plugin that send notification to watchers about due date is coming	Compatible with Redmine 0.9.x, 1.0.x.
Issue Template	http://www.redmine.org/plugins/issue_templates	Plugin to generate and use issue templates for each project to assist issue creation.	Compatible with Redmine 2.3.x, 2.2.x, 2.1.x, 1.4.x, 1.3.x.
Issue vote plugin	http://www.redmine.org/plugins/redmine_vote	Enable issues voting module per project, with vote count, voter list and max 1 vote per user.	Compatible with Redmine 1.2.x.
Issuefy	http://www.redmine.org/plugins/issuefy	Issuefy is a redmine plugin for creating issues from a spreadsheet file	Compatible with Redmine 2.3.x.
Issuelimits plugin	http://www.redmine.org/plugins/redmine_issuelimits	Redmine plugin for new issue limitation. Plugin allow block creation of new issue when limit of opened issue reached. Limits can be specified per project or per tracker inside project.	Compatible with Redmine 0.9.x, 1.0.x, 1.1.x, 1.2.x.
JSON RPC API for Redmine	http://www.redmine.org/plugins/redmine_json_rpc	This plugin provides JSON RPC API for Redmine as an alternative to the standard API, that provides too few opportunities to access Redmine data.	Compatible with Redmine 1.2.x.
Knowledge Base	http://www.redmine.org/plugins/knowledge-base	Do you want to implement knowledge management within your company organization? Do you want to create good project documentation, share knowledge among people and thus foster your competitiveness?	Compatible with Redmine 2.3.x, 2.2.x, 2.1.x, 2.0.x.
Knowledgebase	http://www.redmine.org/plugins/redmine_knowledgebase	This plugin adds generic knowledgebase funcationlity to the redmine project management application.	Compatible with Redmine 2.3.x, 2.2.x, 2.1.x, 2.0.x.
Landing Page	http://www.redmine.org/plugins/landing_page	Landing Page plugin for Redmine.  Allows you to set landing page (right after login) by project and/or by user	Compatible with Redmine 1.1.x, 1.2.x, 1.3.x, 1.4.x.
Language fallback	http://www.redmine.org/plugins/language_fallback	Quicky plugin to enable language fallback for Redmine	Compatible with Redmine 1.1.x, 1.2.x.
Latest Forum Messages	http://www.redmine.org/plugins/redmine_last_messages	Shows the latest forum messages on 	Home
Latest Issues	http://www.redmine.org/plugins/latest-issues	This plugin displays latest issues on the home page. User can define how many issues it will display and on which side they will appear	Compatible with Redmine 2.0.x, 2.1.x, 2.2.x.
Ldap avatar plugin	http://www.redmine.org/plugins/redmine_gemavatar	Gemavatar is a Redmine plugin for replacing the gravatars (they must be enabled) with the jpeg pictures stored in the ldap auth_source that Redmine is configured to work with.	Compatible with Redmine 1.4.x.
Ldap extra information plugin	http://www.redmine.org/plugins/geminfo	Allows the administrator to aggregate ldap information to redmine information in the user views.	Compatible with Redmine 1.4.x.
Lightbox Plugin for image attachment	http://www.redmine.org/plugins/redmine_lightbox	This plugin lets you preview the image and pdf attachments in a lightbox.	Compatible with Redmine 0.8.x, 0.9.x, 1.0.x, 1.1.x, 1.2.x.
Linked time entries plugin	http://www.redmine.org/plugins/linked_time_entries	Plugin adds links to issues at time entries report.	Compatible with Redmine 1.4.x.
Local Avatars Plugin	http://www.redmine.org/plugins/redmine_local_avatars_003	A plugin to give the users the power to change their avatar. The plugin has originally been developed by Andrew Chaika. He produced version 0.0.1 of the plugin. The plugin had some deficiencies and solutions to them in the Redmine forums. I simply applied the corrections to the plugin since the conceptor didn't promulgate any activity on the plugin in over a year.	Compatible with Redmine 1.0.x.
Localizable	http://www.redmine.org/plugins/localizable	In Redmine when you add roles, issue statuses, enumerations, ... you can only add them in one language, this plugin overloads this limitation.	Compatible with Redmine 0.9.x, 1.0.x, 1.1.x, 1.2.x, 1.3.x, 1.4.x.
Logs	http://www.redmine.org/plugins/logs	Logs is a plugin lets you download Redmine's log files from administration page.	Compatible with Redmine 2.1.x.
Mac OS X Identity Services authentication	http://www.redmine.org/plugins/redmine_osx_ids	Redmine plugin for using Mac OS X Identity Services to authenticate with directory services, such as Active Directory.	Compatible with Redmine 1.0.x.
Mail Status	http://www.redmine.org/plugins/redmine_mailstatus	Redmine Mail Status Plugin changes the issue status from one value to another on update, depending upon the starting status.	Compatible with Redmine 2.3.x, 2.2.x.
Mantis2Redmine Migrator	http://www.redmine.org/plugins/m2r	A Redmine plugin that migrate Mantis's data to Redmine	Compatible with Redmine 1.2.x.
Meetings	http://www.redmine.org/plugins/meetings	Allow a user to create meetings associated with a project and (optionally) an issue.	Compatible with Redmine 2.3.x, 2.2.x.
Meetings	http://www.redmine.org/plugins/redmine_meetings	This plugin allows to manage meetings and export them as ICS files (so you can import meetings later in Outlook or any other calendar application...)	Compatible with Redmine 1.3.x.
Meta	http://www.redmine.org/plugins/meta	The Meta tags are widely used for 	Compatible with Redmine 2.2.x, 2.1.x, 2.0.x, 1.4.x, 1.0.x.
Milestones	http://www.redmine.org/plugins/redmine_milestones	This plugin adds milestone entity in Redmine (	Compatible with Redmine 1.3.x, 1.4.x, 2.0.x, 2.1.x.
Monitoring & Controlling	http://www.redmine.org/plugins/monitoring-controlling	M&amp;C is a Redmine Plugin used as a chart tool to monitoring issues’ project	Compatible with Redmine 2.0.x, 2.1.x.
MS Project Import	http://www.redmine.org/plugins/ms-project-import	Do you plan in MS Project? Do you want to substitue MS Project with Open Source collaborative tool Redmine? Here is plugin that can help you.	Compatible with Redmine 2.3.x, 2.2.x, 2.1.x.
Multi Calendar	http://www.redmine.org/plugins/redmine_multi_calendar	Related issue: 	Compatible with Redmine 1.4.x.
MultiPass SSO Authentication	http://www.redmine.org/plugins/redmine_multipass	This plugin is based on MultiPass gem (	Compatible with Redmine 2.3.x, 2.2.x, 2.1.x, 2.0.x, 1.4.x, 1.3.x, 1.2.x, 1.1.x.
Multiple files upload/download	http://www.redmine.org/plugins/redmine_multiple_files_upload	Plugin adds the ability to upload and attach multiple files at once to issue, forum message or wiki page or to download selected files as a ZIP archive.	gem install rubyzip
My Page Queries	http://www.redmine.org/plugins/my_page_queries	Adds custom queries onto My Page screen	Compatible with Redmine 1.0.x.
My Projects	http://www.redmine.org/plugins/my_projects	My Projects is a simple plugin that displays your assigned projects on the home screen / landing page.	Compatible with Redmine 2.3.x.
My Projects	http://www.redmine.org/plugins/gsc_my_projects	This plugin add a new menu called "My Projects".	mosaic
My Roadmaps	http://www.redmine.org/plugins/my_roadmaps	A quick and dirty plugin that provides a global roadmaps view for all your projects.	Compatible with Redmine 2.3.x, 2.2.x, 2.1.x.
New Issue Alert List	http://www.redmine.org/plugins/newissuealertlist	This provides a quick and easy way to see who is notified of new issues via the 	Compatible with Redmine 2.4.x, 2.3.x, 2.2.x.
New Issue Alerts	http://www.redmine.org/plugins/redmine_newissuealerts	Redmine NewIssueAlerts is a Redmine plugin that sends an email to specified email addresses when a new issue is logged	Compatible with Redmine 0.8.x, 0.9.x.
New Wiki Page Shortcut	http://www.redmine.org/plugins/redmine_create_wiki_page	This (tested with Redmine 2.2.3) adds a "New" link to every wiki page, making it simpler to create new wiki pages.	Compatible with Redmine 2.2.x.
Niko-niko Calendar	http://www.redmine.org/plugins/niko_cale	Niko-niko Calendar (Niko-cale) plugin is a Redmine plugin that shows the mood of project members and the overall project on a daily basis. If you want to know more about Niko-niko Calendar, see the following page. 	Compatible with Redmine 1.0.x.
Niko-niko Calendar plugin for Redmine 2.X	http://www.redmine.org/plugins/redmine_nikoniko_calendar2	Niko-niko Calendar for Redmine 2.X	Compatible with Redmine 2.2.x, 2.1.x.
Notifo notifications	http://www.redmine.org/plugins/notifo	Plugin which integrates Notifo push notifications with Redmine. When an issue is created or updated you will receive push notifications.	Compatible with Redmine 1.0.x, 1.1.x.
Notify custom users	http://www.redmine.org/plugins/notify_custom_users	This plugin enable email notifications for Custom field with User type.	Compatible with Redmine 1.4.x, 2.0.x.
OmniAuth CAS	http://www.redmine.org/plugins/redmine_omniauth_cas	Allow authentication against a CAS server via the OmniAuth authentication framework	Compatible with Redmine 1.2.x, 1.3.x.
Open links in new window	http://www.redmine.org/plugins/redmine_open_links_in_new_window	Plugin that follow all links of content to be opened in new window instead of current one.	Compatible with Redmine 2.1.x, 2.0.x, 1.4.x, 1.3.x, 1.2.x, 1.1.x, 1.0.x, 0.9.x.
OpenID Fix	http://www.redmine.org/plugins/openid_fix	This plugin makes Redmine work with Google OpenID accounts.	Compatible with Redmine 2.2.x, 2.1.x, 2.0.x, 1.4.x, 1.0.x.
OpenID Selector	http://www.redmine.org/plugins/openid-selector	Provides an OpenID selector at login.	Compatible with Redmine 1.1.x, 1.2.x, 1.3.x.
Opensearch	http://www.redmine.org/plugins/redmine_opensearch	Add 	Compatible with Redmine 0.8.x, 0.9.x, 1.0.x, 1.1.x.
Orangutan	http://www.redmine.org/plugins/orangutan	This is a helper Redmine plugin for the 	Compatible with Redmine 1.0.x, 1.1.x.
Outlook Attachment Preview	http://www.redmine.org/plugins/redmine_msg_preview	This plugin to Redmine parses Microsoft Outlook MSG	Compatible with Redmine 0.9.x, 1.0.x, 1.1.x, 1.2.x.
Parking Lot Chart Plugin	http://www.redmine.org/plugins/parking-lot-chart	Parking Lot Chart Plugin is a plugin for Kanban practice. The version in the project is displayed by the card format.	Compatible with Redmine 0.8.x, 0.9.x.
Pastebin	http://www.redmine.org/plugins/pastebin	A real pastebin plugin for redmine.  At last!	Compatible with Redmine 1.1.x.
Payroll - Budget Sheet - internal & external cost of work	http://www.redmine.org/plugins/payroll-budget-sheet	Payroll - Budget sheet displays time entries with internal and external cost of work. This plugin cooperates with Project's Budgets (	Compatible with Redmine 2.3.x, 2.2.x, 2.1.x, 2.0.x.
People	http://www.redmine.org/plugins/people	Plugin for managing Redmine people with flexible permissions, avatars and attachments	Compatible with Redmine 2.3.x, 2.2.x, 2.1.x.
Per-Project Sidebar Content	http://www.redmine.org/plugins/sidebar	Adding content to the sidebar of your project pages now made easy. You can now customize the sidebar in your project settings menu. Enter text (Textile), choose Wiki page or enter HTML code to be shown on the sidebar and just click "Save". You can also specify for what pages do you want the content to be shown.	Compatible with Redmine 2.1.x, 2.0.x, 1.4.x, 1.3.x, 1.2.x, 1.1.x, 1.0.x.
Periodic Tasks	http://www.redmine.org/plugins/periodictasks	In some projects there are tasks that need to be assigned on a schedule. Such as check the ssl registration once per year or run security checks every 3 months	Compatible with Redmine 1.0.x, 1.1.x, 1.2.x, 1.3.x.
Plugin views revisions	http://www.redmine.org/plugins/redmine_plugin_views_revisions	This plugin tries to solve problem that is caused by inability to monkey-patch views in the Redmine.	stdout
Posting issues helper API plugin	http://www.redmine.org/plugins/redmine_fulmo_helper	This plugin adds some REST APIs to post issues for "fulmo". "fulmo" is a add-on for Firefox/Chrome, which posts a issue with an annotated screenshot.	Compatible with Redmine 1.4.x, 2.0.x.
Pretty News URLs	http://www.redmine.org/plugins/pretty_news_urls	The Pretty News URLs Plugin automatically generates slugs for pretty URLs when News items are created or edited. The migration takes care of generating slugs for pre-existing items.	Compatible with Redmine 1.0.x.
Preview attach column/image gallery	http://www.redmine.org/plugins/redmine_preview_attach_column	To display new column in issues list view please select column named 	subject
Private wiki	http://www.redmine.org/plugins/private_wiki	Installation instruction on GitHub 	Compatible with Redmine 1.4.x, 2.0.x, 2.1.x.
Process Framework	http://www.redmine.org/plugins/process_framework	The process framework plugin can help you automatic generate versions, issues and sub-issues. When you create a project, you can choose an existed process framework such as requirement engineering or waterfall model. And you can import a process framework which actually is an xml file from other redmine platform. Besides, you can also create your private process framework which can adapt your company or team.	Compatible with Redmine 1.4.x, 2.0.x.
Progressive Projects List	http://www.redmine.org/plugins/progressive-projects-list	The plugin provides projects list with menus, description and progress bars, etc.	Compatible with Redmine 2.3.x, 2.2.x, 2.1.x.
Project filtering	http://www.redmine.org/plugins/project-filter	Redmine plugin that adds AJAX filters to the Project/Index view	Compatible with Redmine 1.0.x.
Project identifier alias/rename	http://www.redmine.org/plugins/project_alias	The name of this plugin should be "Project identifier rename"... But project identifier aliases are what makes the renaming possible! They allow to access project pages using different identifiers in URL thus any of such identifiers can be made a project identifier. All that is needed for this is to move the previous identifier to aliases (this is done by replacing the alias which has been made a project identifier). That's how this plugin does the trick!	Compatible with Redmine 1.0.x, 1.1.x, 1.2.x, 1.3.x.
Project Overview	http://www.redmine.org/plugins/project_overview	Project overview is a plugin designed to bring better project visibility for teams that deal with multiple projects on a daily basis. It is useful for teams with multiple projects each in different stages.	Compatible with Redmine 2.2.x, 2.1.x.
Project removal/redirection	http://www.redmine.org/plugins/project_removal	There are two ways to remove a project from Redmine - "archive" or delete. In both cases Redmine gives no explanation about the removal.	Compatible with Redmine 1.0.x, 1.1.x, 1.2.x, 1.3.x.
Project settings tabs hook	http://www.redmine.org/plugins/project_settings_hook	If you used to write plugins for 	Compatible with Redmine 1.0.x, 1.1.x, 1.2.x, 1.3.x.
Project's budgets / money	http://www.redmine.org/plugins/projects-budget	This Redmine plugin from Easy family helps you to manage / control you project's budgets.	Compatible with Redmine 2.3.x, 2.2.x, 2.1.x, 2.0.x.
Projects Accordion	http://www.redmine.org/plugins/redmine-projects-accordion	Show projects views with subprojects in accordion view.	Compatible with Redmine 2.1.x.
Projects table	http://www.redmine.org/plugins/projects_table	Projects page displayed as table	Compatible with Redmine 2.2.x, 2.1.x.
Projects Tree View	http://www.redmine.org/plugins/projectstreeview	 credits goes to initial developer 	Compatible with Redmine 1.4.x.
Projectstyle	http://www.redmine.org/plugins/projectstyle	Allows to set a visual style per project using project identifier. Useful when hosting projects from different organizations with different visual identities.	Compatible with Redmine 0.9.x.
Q&A	http://www.redmine.org/plugins/questions	Plugin designed for Questions and Answers management and replaced redmine forums module	Compatible with Redmine 2.3.x, 2.2.x, 2.1.x.
QA Contact	http://www.redmine.org/plugins/redmine_qa_contact	This plugin provides basic support for a QA Contact field on issues.  Issue Categories can have a default QA Contact much like they have a default assignee.	Compatible with Redmine 1.0.x.
Question Plugin	http://www.redmine.org/plugins/question_plugin	Allow users to assign a journal's note to another user as if the note was a question.	Compatible with Redmine 2.2.x.
R Graphs	http://www.redmine.org/plugins/wiki_r_plugin	Render R graphics from inline R code on wiki pages	Compatible with Redmine 1.1.x, 1.2.x.
RD formatter	http://www.redmine.org/plugins/redmine_rd_formatter	This plugin adds RD support to Redmine's wiki formatter.	Compatible with Redmine 0.8.x, 0.9.x, 1.0.x, 1.1.x, 1.2.x.
Receive IMAP emails anonymously (patch)	http://www.redmine.org/plugins/receive_imap_emails_anonymously_patch	This plugin solves the problem that issues created from anonymous emails that are fetched via 	Compatible with Redmine 2.2.x.
Redcase	http://www.redmine.org/plugins/redcase	A plugin from the past for managing test cases. Has a diagram to display done/undone. Works by filling in issues for separate tracker 'Test case'.	Compatible with Redmine 2.2.x.
Reddrop	http://www.redmine.org/plugins/reddrop	Reddrop is a plugin for Redmine that allows users of that service to sync their documents and files using Dropbox. Reddrop is a replacement for the files and documents tabs in Redmine and allows to browse a Dropbox's folder hierarchically.	Compatible with Redmine 2.0.x, 2.1.x, 2.2.x.
RedFire	http://www.redmine.org/plugins/redfire	A Redmine plugin for awesome campfire notifications. It allows configure notifications per project.	Compatible with Redmine 2.4.x, 2.3.x, 2.2.x.
Redmin RubyCAS	http://www.redmine.org/plugins/redmine_rubycas	A Plugin for Redmine 2 that utilizes the RubyCAS Client for CAS authentication.	Compatible with Redmine 2.3.x, 2.2.x.
Redmine 4 Cryptostocks	http://www.redmine.org/plugins/redmine4cs	This plugin retrieves the ticker information of a security listed on 	Compatible with Redmine 2.0.x.
Redmine ActiveRecord Session Store plugin	http://www.redmine.org/plugins/redmine_activerecord_session_store	This plugin teaches Redmine to use ActiveRecord as session store.	Compatible with Redmine 2.2.x.
Redmine all files	http://www.redmine.org/plugins/redmine_all_files	Plugin for Redmine to view all project files.	Compatible with Redmine 2.2.x, 2.1.x.
Redmine Attach Screenshot	http://www.redmine.org/plugins/redmine_attach_screenshot_2	Attach screenshots from your clipboard right into Redmine.	Compatible with Redmine 2.2.x, 2.1.x, 2.0.x.
Redmine Auto Percent	http://www.redmine.org/plugins/redmine_auto_percent	Automatically sets Done to 100% on Resolved or Closed.	Compatible with Redmine 1.0.x, 1.1.x, 1.2.x, 1.3.x.
Redmine AutoWatch	http://www.redmine.org/plugins/redmine-autowatch	This plugins provides the ability to configure a role for auto-watching newly created tickets.	autowatch
Redmine Backlogs	http://www.redmine.org/plugins/redmine	redmine	Compatible with Redmine 1.1.x.
Redmine Bitbucket	http://www.redmine.org/plugins/redmine_bitbucket	This plugin allows you to update your local repositories in Redmine when changes have been pushed to Bitbucket.	Compatible with Redmine 2.1.x, 2.0.x.
redmine boards	http://www.redmine.org/plugins/redmine_boards	Show the boards like a BBS forum, and each topic have a category.	Compatible with Redmine 1.3.x.
Redmine Bootstrap	http://www.redmine.org/plugins/redmine_bootstrap	A plugin overriding some Redmine views and incorporating the Bootstrap CSS theme	Compatible with Redmine 2.1.x.
Redmine Buildbot	http://www.redmine.org/plugins/redmine_buildbot	This plugin provides a simple integration of 	Compatible with Redmine 1.0.x, 1.1.x, 1.2.x.
Redmine Bulk User Assignments	http://www.redmine.org/plugins/redmine_bulk_user_assignments	The Redmine Bulk User Assignments plugin was developed to provide a way to manage multiple users to multiple projects with multiple roles. Currently it is only allowed to be set by a Redmine Admin, as it is in the Administration section of Redmine.	Compatible with Redmine 1.3.x.
Redmine CAS	http://www.redmine.org/plugins/redmine-cas	Plugin to CASify your Redmine installation.	Compatible with Redmine 2.2.x.
Redmine Category Tree	http://www.redmine.org/plugins/redmine_category_tree	Allows categories of projects to act as a nested set (tree).	Compatible with Redmine 2.3.x, 2.2.x, 2.1.x, 2.0.x.
Redmine Chuck Norris plugin	http://www.redmine.org/plugins/redmine_chuck_norris	This plugin modifies the Project overview tab showing a random Chuck Norris fact. Chuck will also approve the project if more than 50% issues are closed.	Compatible with Redmine 1.0.x, 1.1.x, 1.2.x, 1.3.x.
Redmine CKEditor	http://www.redmine.org/plugins/ckeditor	Best wysiwyg editor for Wiki's 	Compatible with Redmine 2.3.x, 2.2.x, 2.1.x, 2.0.x.
Redmine Cmis Plugin	http://www.redmine.org/plugins/redmine_cmis	This plugin enables a new project module that allows to upload documents on a Cmis compatible server.	Tested against Alfresco Cmis Services
Redmine contacts	http://www.redmine.org/plugins/redmine_contacts	Redmine plugin to add multiple contacts to an issue. A contact has name, direction and telephones.	Compatible with Redmine 1.2.x, 1.1.x, 1.0.x.
Redmine Contracts with Time Tracking	http://www.redmine.org/plugins/redmine_contracts_with_time_tracking	A Redmine plugin for managing the time/money being spent on client contracts.	Compatible with Redmine 2.2.x.
Redmine CORS	http://www.redmine.org/plugins/redmine_cors	Redmine plugin to allow external application to use Redmine REST API with cross-origin resource sharing.	Compatible with Redmine 2.3.x, 2.2.x, 2.1.x, 2.0.x.
Redmine Crowd	http://www.redmine.org/plugins/redmine_crowd	Connect Crowd (Atlassian SSO) to redmine	Compatible with Redmine 1.3.x.
Redmine Custom Recipients	http://www.redmine.org/plugins/customrecipients	This plugin will enable any user selected in a custom field of the type 'User' to receive issue notifications.	Compatible with Redmine 1.2.x.
Redmine Cut Tag plugin	http://www.redmine.org/plugins/redmine_cut_tag	This redmine plugin adds the ability to use a CUT macros in the issue description and wiki	Compatible with Redmine 2.0.x.
Redmine Dropbox Plugin	http://www.redmine.org/plugins/redmine_drop_box	This plugin allows to storage proyect files on your Dropbox account.	Compatible with Redmine 0.7.x, 0.8.x, 0.9.x, 1.0.x, 1.1.x, 1.2.x.
Redmine Due Date By Default	http://www.redmine.org/plugins/redmine_due_date_by_default	Plugin automatically sets due date of the issue based on the due date field of the target version	Compatible with Redmine 1.2.x.
Redmine Email Reminder	http://www.redmine.org/plugins/redmine_pyreminder	A Redmine email reminder written in python.	Compatible with Redmine 1.2.x.
Redmine Embedded	http://www.redmine.org/plugins/redmine-embedded	Based on the plugin by Jean-Philippe Lang.	Compatible with Redmine 2.0.x.
Redmine Freshbooks	http://www.redmine.org/plugins/redmine_freshbooks	Redmine-Freshbooks integrates Freshbooks timelogging into Redmine. It allows for time entered into the time log in Redmine to be synced to a company Freshbooks account. Staff assignments are adhered to so that only those assigned to the Freshbooks project can enter time. It will not prevent time from being entered into Redmine if the user has permission in Redmine to log time.	Compatible with Redmine 0.9.x, 1.0.x.
Redmine Git :: Gitolite Integration	http://www.redmine.org/plugins/redmine-gitolite	Provides Gitolite integration in Redmine 2.x	Compatible with Redmine 2.3.x, 2.2.x, 2.1.x, 2.0.x, 1.4.x, 1.3.x.
Redmine Git Branch Hook	http://www.redmine.org/plugins/redmine_git_branch_hook	Operate the issue by Git BRANCH. For example,	Compatible with Redmine 1.3.x.
Redmine Gollum	http://www.redmine.org/plugins/redmine_gollum	Gollum is a wiki system that powers GitHub Wikis (	Compatible with Redmine 2.0.x.
Redmine Graph Activities	http://www.redmine.org/plugins/graph_activities	This plugin allows you to see members' activity-graphs.	Compatible with Redmine 1.2.x, 1.3.x.
Redmine Harvest integration	http://www.redmine.org/plugins/redmine_harvest_smc	This plugin is used to sync time entries made in Harvest with issues in Redmine by scanning the notes field of incoming Harvest entries for a 2-5 digit number which would correspond to a Redmine issue ID. When an issue is found it adds time to Redmine accordingly (and attempts to carry over the task name from Harvest). There's also a feature to set custom filters based on some combination the project name, task name, or a string occurrence (regex) in the notes. Entries from Harvest are displayed in the Redmine UI using the jQuery DataTables plugin which offers filtering, paging, and some other snazzy UI elements. The 'lib/tasks/redmine_harvest_smc_rake.sh' file can be put into the system crontab to establish regular sync jobs for all the registered users.	Compatible with Redmine 2.4.x, 2.3.x, 2.2.x, 2.1.x, 2.0.x.
Redmine Hours	http://www.redmine.org/plugins/redmine_hours	Redmine Hours is a plugin to fill out your weekly timelog / timesheet easier.	Compatible with Redmine 2.0.x, 1.4.x.
Redmine HTTP Basic Authentication	http://www.redmine.org/plugins/redmine_http_basic_authentication	The purpose of this plugin is to hide the standard login form of Redmine.	Compatible with Redmine 2.4.x, 2.3.x.
Redmine Import ReqPro	http://www.redmine.org/plugins/import_reqpro	This plugin will import XML files exported from Requisiste Pro Baseline Manager. The importer create projects, users, trackers, attributes (custom fields), issues, sub issues and issue relations in Redmine.	Compatible with Redmine 1.4.x.
Redmine Information	http://www.redmine.org/plugins/rp_information	This plugin is made to be able to attend information such as 	Compatible with Redmine 2.1.x, 2.0.x.
Redmine issue id’s query plugin	http://www.redmine.org/plugins/issue_query	Plugin adds extra operators to issues query, allowing to select exact issues by their id’s (comma-separated list).	Compatible with Redmine 1.4.x, 1.3.x.
Redmine issues macros	http://www.redmine.org/plugins/redmine_issues_macros	Plugin provides 3 macro: {{related_issues}}, {{child_issues}} and {{issue(ID)}}.	Compatible with Redmine 2.3.x, 2.2.x, 2.1.x.
Redmine Issues Poll	http://www.redmine.org/plugins/redmine_issues_poll	A redmine plugin to elect issues.	Compatible with Redmine 2.1.x, 2.0.x, 1.3.x.
Redmine JOSSO Authentication Plugin	http://www.redmine.org/plugins/redmine_josso	Redmine JOSSO Authentication Plugin provides an authentication method for Redmine users based on Single Sign On Authentication implemented by the JOSSO project.	Compatible with Redmine 0.8.x, 0.9.x, 1.0.x, 1.1.x.
Redmine jquery file upload plugin	http://www.redmine.org/plugins/redmine_jquery_file_upload	Plugin for Redmine to more comfortable file upload.	Compatible with Redmine 2.2.x, 2.1.x.
Redmine Ldap Sync	http://www.redmine.org/plugins/redmine_ldap_sync	Extends redmine's ldap authentication with user and group synchronization, either on user login or by calling a rake task.	Compatible with Redmine 2.4.x, 2.3.x, 2.2.x, 2.1.x.
Redmine Local Avatars	http://www.redmine.org/plugins/redmine_local_avatars	Display local avatars in Redmine.	Compatible with Redmine 1.0.x.
Redmine Mail Sender	http://www.redmine.org/plugins/redmine_mail_sender	Add "Sender:" field to mails sent by Redmine.	Compatible with Redmine 1.2.x, 1.3.x.
Redmine Notice Close Issue	http://www.redmine.org/plugins/redmine_notice	This plugin allows you to disable the update notification tasks when changing status with option "Issue Closed".	Compatible with Redmine 1.3.x.
Redmine omniauth google	http://www.redmine.org/plugins/redmine_omniauth_google	This plugin is used to authenticate in redmine through Google.	Compatible with Redmine 2.2.x, 2.1.x.
Redmine open version filter	http://www.redmine.org/plugins/redmine_open_version_filter	This plugin adds new filters.	Compatible with Redmine 2.2.x, 2.1.x.
Redmine Openmeetings	http://www.redmine.org/plugins/redmine-openmeetings	This plugin allows to integrate Apache Openmeetings conference into Redmine project	Compatible with Redmine 2.3.x, 2.2.x, 2.1.x, 2.0.x.
Redmine OpenSearch	http://www.redmine.org/plugins/redmine_open_search	This is a plugin for Redmine to add support for OpenSearch.	Compatible with Redmine 2.4.x, 2.3.x, 2.2.x, 2.1.x, 2.0.x.
Redmine Orphan Revisions	http://www.redmine.org/plugins/redmine-orphan-revisions	View not linked revisions in Redmine roadmap.	Compatible with Redmine 2.4.x, 2.3.x, 2.2.x, 2.1.x.
Redmine PAM Auth	http://www.redmine.org/plugins/redmine_pam_auth	Adds PAM authorization to Redmine. Requires 	Compatible with Redmine 2.2.x, 2.1.x, 2.0.x, 1.4.x.
Redmine Pipeline Plugin	http://www.redmine.org/plugins/redmine_pipeline_plugin	Pipeline is a Redmine plugin to ease the estimation of available capacity.	Compatible with Redmine 2.4.x, 2.3.x.
Redmine post link 	http://www.redmine.org/plugins/redmine-post-link-plugin	This plugin enables Redmine to fill the content of 'New Issue' form with GET parameters passed in the URL.	Compatible with Redmine 1.1.x.
Redmine Pretend	http://www.redmine.org/plugins/pretend	Redmine plugin for quick change of the user	Compatible with Redmine 1.0.x.
Redmine Recaptcha	http://www.redmine.org/plugins/redmine_recaptcha	Plugin to add a 	Compatible with Redmine 1.0.x, 1.1.x.
Redmine Redcarpet Formatter	http://www.redmine.org/plugins/redmine_redcarpet_formatter	Markdown Wiki formatter build in GitHub's Redcarpet markdown processor.	Compatible with Redmine 1.2.x, 1.3.x.
Redmine Related Buster	http://www.redmine.org/plugins/redmine_related_buster	Redmine plugin to show related issues with their children if state of parent is not same as on related.	Compatible with Redmine 2.4.x, 2.3.x, 2.2.x, 2.1.x, 2.0.x.
Redmine S3	http://www.redmine.org/plugins/redmine_s3	This plugin allows to save attachments to Amazon S3	Compatible with Redmine 2.0.x, 2.1.x.
Redmine Scrum cards	http://www.redmine.org/plugins/redmine_scrum_cards	Plugin adds the ability to generate PDF with cards from issues	Compatible with Redmine 2.3.x, 1.4.x.
Redmine sidebar toc	http://www.redmine.org/plugins/redmine_sidebar_toc	Provides navigation by the header of the anchor links in the wiki sidebar, on each wiki page.	Compatible with Redmine 2.3.x, 2.2.x.
Redmine Sidekiq	http://www.redmine.org/plugins/sidekiq		Compatible with Redmine 2.3.x, 2.2.x.
Redmine Slideshow	http://www.redmine.org/plugins/redmine-slideshow	A slideshow plugin for Redmine based on Slideous 	Compatible with Redmine 1.2.x, 1.3.x.
Redmine Spent time	http://www.redmine.org/plugins/redmine_spent_time	This is a Redmine plugin which allow users to add spent time entries for issues they have worked on. It gives users a comfortable form to do queries about their spent time on projects, along with a little form to submit new entries. Of course also it’s possible to delete entries and to modify existing ones.	Compatible with Redmine 2.2.x, 2.1.x.
Redmine Spent Time Required	http://www.redmine.org/plugins/redmine_spent_time_required	A Redmine plugin to require adding spent time	Compatible with Redmine 1.2.x.
Redmine Start Page	http://www.redmine.org/plugins/redmine_startpage	This is a plugin for Redmine.  It allows the user to select almost any redmine sub page as start page for a Redmine website.	Compatible with Redmine 1.2.x.
Redmine Stealth	http://www.redmine.org/plugins/redmine_stealth	Redmine Stealth is like a mute button for Redmine notification emails. Activate stealth mode and your actions on Redmine (e.g. updating issues or wiki content) will not generate any emails. This would be a good time to do a bulk update on issues without overflowing your client's inbox. Other users' actions continue to generate email as configured. Deactivate stealth mode, and everything is back to normal. Stealth mode permission may be restricted to certain roles.	Compatible with Redmine 2.1.x, 2.0.x, 1.4.x.
Redmine time limit	http://www.redmine.org/plugins/redmine_time_limit	Redmine Time Limit Plugin is used to monitor spent time by employees at the working place.	Compatible with Redmine 2.2.x, 2.1.x.
Redmine Timesheet Plugin	http://www.redmine.org/plugins/redmine_timesheet_plugin	Fork of Eric Davis's 	Compatible with Redmine 2.3.x, 2.2.x, 2.1.x, 2.0.x.
Redmine Touch	http://www.redmine.org/plugins/redmine-touch	Redmine plugin to add missing function of "Last updated by" 	Compatible with Redmine 2.4.x, 2.3.x, 2.2.x, 2.1.x, 2.0.x.
Redmine Tracker Control	http://www.redmine.org/plugins/redmine_track_control	Redmine Tracker Control plugin is a Redmine plugin that can be used to control issue creation with tracker. The access control can be configured in role/permission page. Tracker wise access work only in the projects where this module enabled.	Tracker Permission
Redmine Upload Forms	http://www.redmine.org/plugins/redmine_upload_forms	A plugin for managing upload forms	Compatible with Redmine 1.2.x.
Redmine Viafirma Authentication Plugin	http://www.redmine.org/plugins/redmine_viafirma	Redmine Viafirma Authentication Plugin provides an authentication method for Redmine users based on the Viafirma platform. For more information about Viafirma go to 	Compatible with Redmine 0.7.x, 0.8.x, 0.9.x, 1.0.x, 1.1.x.
Redmine Watcher Groups	http://www.redmine.org/plugins/redmine_watcher_groups	Plugin for Redmine that adds functionality to have Watcher Groups in addition to Watchers.	Compatible with Redmine 2.3.x, 2.2.x, 2.1.x, 2.0.x.
Redmine Wiki Books	http://www.redmine.org/plugins/redmine_wiki_books	This plugin allows the user to define a book index of wiki pages and navigate through the book. Each project has its own books based on wiki pages. Each book contains chapters. Each chapter is a link to a wiki page and has a sorting order value (a float) and a chapter numbering (an string). The numbering is shown in the book index, preceding each chapter. Some examples are: 1.2, 3.a), etc. The sorting order allows the user to control the chapter order.	Compatible with Redmine 1.2.x, 1.3.x.
Redmine Wiki Encryptor	http://www.redmine.org/plugins/redmine_wiki_encryptor	redmine_wiki_encryptor encrypts wiki pages in database.	Compatible with Redmine 2.3.x, 2.2.x, 2.1.x, 2.0.x.
Redmine Wiki SQL	http://www.redmine.org/plugins/redmine_wiki_sql	This plugin allows a redmine user to run SQL queries inside redmine's wiki pages and get the results in HTML table format.	Compatible with Redmine 1.4.x, 1.3.x, 1.2.x.
Redmine/ChiliProject Authentication Source for Invision Power Board	http://www.redmine.org/plugins/redmine-ipb-auth	Enables users to be authenticated using an Invision Power Board (IPB) database. It supports on-the-fly registrations so that user accounts are automatically created during first login.	Compatible with Redmine 1.2.x.
redmine_browserid	http://www.redmine.org/plugins/redmine-browserid	Adds Mozilla Persona(BrowserID) authentication support to Redmine.	Compatible with Redmine 2.3.x.
redmine_etherpad	http://www.redmine.org/plugins/redmine_etherpad	Macro for embedding etherpads in redmine wiki pages and issues.	Compatible with Redmine 1.3.x.
redmine_js_syntax_highlighter	http://www.redmine.org/plugins/redmine_js_syntax_highlighter	Javascript based syntax highlighter. Uses Alex Gorbatchev's 	Compatible with Redmine 1.1.x.
redmine_mailwrapper	http://www.redmine.org/plugins/redmine_mailwrapper	redmine_mailwrapper rewrites sender and recipients of mail notifications according to rules for each projects.	Compatible with Redmine 2.2.x, 2.1.x, 2.0.x.
redmine_pdf_documents	http://www.redmine.org/plugins/redmine_pdf_documents	This plugin creates pdf documents containing selected wiki pages.	Compatible with Redmine 1.3.x, 1.4.x.
redmine_print_style_black	http://www.redmine.org/plugins/redmine_print_style_black	A super-simple plugin to change the css style to print in B&amp;W printers	Compatible with Redmine 2.1.x, 2.0.x.
Redmine_reminder	http://www.redmine.org/plugins/redmine_reminder	Plugin for Redmine project that sends notification to assignee if due date is coming.	Compatible with Redmine 2.3.x, 2.2.x, 2.1.x, 2.0.x.
redmine_remote_user_auth	http://www.redmine.org/plugins/redmine_remote_user_auth	With reverse proxy it can be used to use SSL certificate to login.	Compatible with Redmine 2.1.x.
redmine_sladiator	http://www.redmine.org/plugins/redmine_sladiator	This plugin integrates Redmine with 	Compatible with Redmine 2.1.x, 1.4.x.
redmine_tags	http://www.redmine.org/plugins/redmine_tags	redmine_tags is a Redmine plugin, that adds tagging support.	Compatible with Redmine 2.3.x, 2.2.x, 2.1.x.
redmine_user_issues	http://www.redmine.org/plugins/redmine_user_issues	Shows the assigned issues on the user page.	Compatible with Redmine 1.4.x, 2.0.x.
Reklama / Contextual advertisements	http://www.redmine.org/plugins/reklama	It's a very simple contextual advertising plugin for Redmine additing small advertisements to the side bar. Advertisements contain heading and text and may optionally contain image.	Compatible with Redmine 1.0.x, 1.1.x, 1.2.x, 1.3.x.
Release notes	http://www.redmine.org/plugins/redmine_release_notes	This plugin lets you create, manage, and produce release notes for your projects.	Compatible with Redmine 2.3.x, 2.2.x, 2.1.x.
Reorder links arbitrary	http://www.redmine.org/plugins/redmine_reorder_links_arbitrary	Reorder links arbitrary is a Redmine plugin that allows to change position of item in Redmine enumerations lists (trackers, custom fields, etc) to any position	Compatible with Redmine 1.3.x, 1.4.x, 2.0.x.
RepoSearch	http://www.redmine.org/plugins/redmine_reposearch	Add full-text search engine to repositories.	Compatible with Redmine 1.1.x.
Repository browser	http://www.redmine.org/plugins/remine_repobrowser	This plugin adds a new button to the wiki editor.	Compatible with Redmine 2.3.x.
Repository plugin	http://www.redmine.org/plugins/redmine_repository	This is a redmine repository plugin that allow to download files and folders from a repository in one zip archive.	Compatible with Redmine 1.1.x, 1.2.x, 1.3.x, 1.4.x.
Require Wiki Comment	http://www.redmine.org/plugins/redmine_require_wiki_comment	By default the comment is optional when creating or editing wiki pages. This plugin makes the comment mandatory, displaying an error message on saving if it is empty.	Compatible with Redmine 2.3.x, 2.2.x, 2.1.x, 2.0.x, 1.4.x, 1.3.x, 1.2.x, 1.1.x, 1.0.x.
Resource Management, Utilization	http://www.redmine.org/plugins/resource-management-utilization	Manage and control your people utilization via this plugin. It will help you to plan your projects - future team load.	Compatible with Redmine 2.3.x, 2.2.x, 2.1.x, 2.0.x.
Resource Planner	http://www.redmine.org/plugins/planner	An early version of a resource planning plugin for Redmine 2.x.	Compatible with Redmine 2.3.x, 2.2.x, 2.1.x, 2.0.x.
Roadmaps Plugin	http://www.redmine.org/plugins/roadmaps	This plugin show you all roadmaps. If you set subproject, Roadmaps Plugin will display project and subproject roadmaps.	Compatible with Redmine 0.8.x, 0.9.x.
Role Shift	http://www.redmine.org/plugins/role_shift	The 	Optionally
Rougemine	http://www.redmine.org/plugins/rougemine	In order to fully enjoy the services offered by the application 	Compatible with Redmine 2.2.x, 2.1.x, 2.0.x, 1.4.x, 1.3.x, 1.2.x, 1.1.x.
Round robin	http://www.redmine.org/plugins/round_robin	This plugin can be used to auto assign issues that were originally assigned to a group to the people in the group, using round robin. This means every person inside the group will receive an issue one after the other.	Compatible with Redmine 2.0.x.
RT Import	http://www.redmine.org/plugins/rt_import	This plugin will import XML files exported from Microsoft Project and create users, parent project, subprojects and issues in Redmine. It can also be used to update the previously imported project (by entering existing prefix field).	Compatible with Redmine 1.2.x, 1.3.x.
SAML Authentication	http://www.redmine.org/plugins/redmine_saml_auth	This redmine plugin enables SAML authentication using the Onelogin toolkit.	Compatible with Redmine 1.0.x, 1.1.x, 1.2.x.
SCM Creator	http://www.redmine.org/plugins/redmine_scm	Small plugin for local Subversion, Git, Mercurial and Bazaar repository creation.	Compatible with Redmine 2.1.x, 2.0.x, 1.4.x, 1.3.x, 1.2.x, 1.1.x, 1.0.x.
SCM extensions	http://www.redmine.org/plugins/redmine_scm_extensions	Main features of the plugin:	Compatible with Redmine 1.4.x.
Screenshot	http://www.redmine.org/plugins/javasript_screenshot	Simple add screenshots in Webkit-engined (Safari, Chrome) browsers.	Compatible with Redmine 1.0.x, 1.1.x, 1.2.x, 1.3.x, 1.4.x.
Scrum2B - Tool to be scrum/agile team	http://www.redmine.org/plugins/scrum2b	 (with 	username/password: demo/demo123
Scrumbler	http://www.redmine.org/plugins/scrumbler	 	Compatible with Redmine 1.2.x, 1.3.x.
Scrum_KL	http://www.redmine.org/plugins/scrum	a scrum tool for team work.	Compatible with Redmine 0.9.x, 1.0.x, 1.1.x, 1.2.x.
Searchable project jump box	http://www.redmine.org/plugins/searchable_project_jump_box	Change project jump box (select in top-right corner). It is possible to type name of project and search.	Compatible with Redmine 1.4.x.
Self Spent Time	http://www.redmine.org/plugins/selfspenttime	This plugin add a new right to the redmine roles: "View only self spent time".	Compatible with Redmine 2.1.x, 1.4.x, 1.3.x.
Show Issue Descriptions	http://www.redmine.org/plugins/redmine_show_descriptions	Allows choosing whether to render the issues list without descriptions (original Redmine behavior) - or with complete issue descriptions along with the short headers (like 	Options - Rendering parameters - Show descriptions
Sidebar Issue Control	http://www.redmine.org/plugins/redmine_issue_control_panel	Switch issue statuses from sidebar - without opening the Update screen.	Konstantin Zaitcev
Silencer	http://www.redmine.org/plugins/silencer	A redmine plugin to suppress email notifications (at will) when updating issues.	Compatible with Redmine 1.1.x, 1.2.x, 1.3.x.
Simple Todo List	http://www.redmine.org/plugins/simple_todo_list	Provides a simple private todo list for any logged in user	Compatible with Redmine 0.9.x, 1.0.x, 1.1.x, 1.2.x.
Single column custom fields	http://www.redmine.org/plugins/single_column_custom_fields	This plugin makes all custom fields visible in one column (instead of two)	Compatible with Redmine 1.2.x.
Smart issues sort	http://www.redmine.org/plugins/redmine_smart_issues_sort	Smart issues sort plugin is a Redmine plugin that replaces default sort with one more intellegent.	issues
Snippets from Snipt	http://www.redmine.org/plugins/redmine_snipt	This plugin add a 	Snipt
Summed Fields	http://www.redmine.org/plugins/redmine_summed_fields	Tested with redmine 1.4.x and 2.3.1	Compatible with Redmine 2.3.x, 2.2.x, 2.1.x, 2.0.x, 1.4.x.
Svn authentication plugin	http://www.redmine.org/plugins/svnauth	If you have a subversion integrated with apache, but not integrated with redmine, this plugin allow to change subversion password for redmine user.	Compatible with Redmine 1.1.x, 1.2.x, 1.3.x, 1.4.x.
Sympa	http://www.redmine.org/plugins/sympa	Plugin for integrating 	Compatible with Redmine 0.9.x, 1.0.x.
Templates	http://www.redmine.org/plugins/gsc_templates	This plugin allow you choose a wiki template when you add a new page.	Compatible with Redmine 2.1.x.
TestLink Link	http://www.redmine.org/plugins/rp-testlinklink	This plugin makes it possible to link TestLink (Test Management System) from the Redmine .	Compatible with Redmine 2.1.x, 2.0.x.
Textilizable Custom Fields	http://www.redmine.org/plugins/textilizable-custom-fields	Adds Textile formatting support to "text" and "long text" custom fields.	Compatible with Redmine 2.1.x, 2.0.x, 1.4.x.
Theme Changer	http://www.redmine.org/plugins/themechanger	Theme Changer is a plugin which lets each user select the theme of Redmine at "My page".	Compatible with Redmine 2.1.x, 2.0.x.
Ticket google map	http://www.redmine.org/plugins/tkgmap	Adding a custom field that can choose latlng by google map.	Compatible with Redmine 2.3.x, 2.2.x.
Time & Expense	http://www.redmine.org/plugins/wk-time	This Plugin provides the capability to submit Time &amp; Expense within redmine. The user must be a 	Compatible with Redmine 2.2.x.
Time Registry	http://www.redmine.org/plugins/redmine_time_registry	The 	Compatible with Redmine 1.1.x.
Time Tracker	http://www.redmine.org/plugins/redmine_time_tracker	TimeTracker plugin is a plugin to ease time tracking when working on an issue by allowing to start/stop a timer on a per user basis.	Compatible with Redmine 1.1.x, 1.2.x, 1.3.x.
Timelog Timer	http://www.redmine.org/plugins/timelog_timer	A simple javascript timer for Hours field in timelog form.	Compatible with Redmine 2.3.x, 2.2.x, 2.1.x.
Timesheet extensions	http://www.redmine.org/plugins/redmine_timesheet_extensions	Furnishes some extensions to time tracking and management (see 	Compatible with Redmine 1.0.x.
Trac Formatter	http://www.redmine.org/plugins/redmine_trac_formatter	The Trac Formatter plugin provides a new text formatting option, and when selected, allows you to use Trac wiki markup in throughout Redmine.  This significantly eases the upgrade/migration path from Trac to Redmine.  Rather than using the built-in wiki conversion process, you should be able to directly migrate your wiki text without re-formatting it and your users can use their familiar Trac markup in your new Redmine instance.	Compatible with Redmine 1.2.x.
Traceability	http://www.redmine.org/plugins/redmine_traceability	Traceability is a Redmine plugin to show the traceability matrix between the issues of two (or even three!) trackers of a project.	Compatible with Redmine 1.2.x, 1.3.x, 1.4.x, 2.0.x.
Trackmine	http://www.redmine.org/plugins/redmine_trackmine	The Trackmine provides simple but effective bi-directional communication between Pivotal Tracker and Redmine by outsourcing the workflow between Pivotal’s "Started" and "Finished" states to Redmine. The triggers for teleporting between the tools are starting a story in Pivotal and closing an issue in Redmine. The workflow in Redmine remains customizable and can be tailored to individual needs.	Compatible with Redmine 1.0.x.
TweetBook	http://www.redmine.org/plugins/tweetbook	Authentication in redmine through Facebook, Twitter, Github.	Compatible with Redmine 2.2.x, 2.1.x.
Ultraviolet Syntax Highlighting	http://www.redmine.org/plugins/redmine_ultraviolet	Replaces the default source code syntax highlighting engine (CodeRay) with Ultraviolet, which supports over 157 different syntaxes, as well as customizable colour themes!	Compatible with Redmine 0.8.x, 0.9.x, 1.0.x, 1.1.x, 1.2.x, 1.3.x.
Updates notifier	http://www.redmine.org/plugins/updates_notifier	This plugin sends update notifications to a user-configured callback URL when changes are made to an issue within Redmine. It picks up changes made using the issue bulk-editing interface and is also smart enough to ignore changes made through the Redmine REST API.	Compatible with Redmine 1.2.x.
User CSV Import Plugin	http://www.redmine.org/plugins/user_import_plugin	I update the "User import plugin" for Redmine 1.1.0.	Compatible with Redmine 0.8.x, 1.1.x, 1.2.x.
User Profiles	http://www.redmine.org/plugins/userprofile	This plugin lets you add your profile to user page with wiki format.	Compatible with Redmine 2.1.x.
User statuses	http://www.redmine.org/plugins/redmine_user_status	Allows users of the redmine instance to post what they are doing. Provides a status page where you can see the last update of every user and links to their complete history. Also provides an rss feed of the last hundred updates posted.	Compatible with Redmine 0.9.x, 1.0.x, 1.1.x, 1.2.x.
Userlist as custom field	http://www.redmine.org/plugins/redmine_custom_field_users	Allows using a dropdown list of Redmine users as a custom field.	Pavel Vinokurov
Users XLS import/export	http://www.redmine.org/plugins/redmine_users_xls_impex	Please note that this plugin is for 	VVK start
Version Burndown Charts Plugin	http://www.redmine.org/plugins/version-burndown-charts	Version Burndown Charts Plugin is a plugin for sucrum practice. This plugin create the graphical burndown charts.	Compatible with Redmine 0.8.x, 0.9.x.
Watcher groups	http://www.redmine.org/plugins/watcher_groups	Select issue watchers by groups.	Compatible with Redmine 2.2.x.
Watcher Sellection by Group	http://www.redmine.org/plugins/watcher_sellection_by_group	Allows issue creator to select multiple watchers by group	Compatible with Redmine 1.0.x.
Watcher Sellection by Role	http://www.redmine.org/plugins/watcher_sellection_by_role	Allows issue creator to select multiple watchers by role assigment.	Compatible with Redmine 1.0.x.
Webdav	http://www.redmine.org/plugins/redmine_webdav	This WebDav plugin allows to access files and documents using WebDav protocol. 	Compatible with Redmine 1.3.x.
Whining	http://www.redmine.org/plugins/redmine_whining	This plugin provides email alerts when an issue had not been updated since X days.	Compatible with Redmine 0.9.x, 1.0.x, 1.1.x, 1.2.x.
Wiki Cipher	http://www.redmine.org/plugins/redmine_wikicipher	Redmine plugin to encrypt parts of the Wiki so sensitive information, like passwords, are saved encrypted in the database and you have to click a button to see them on the interface, to keep them from prying eyes. Also, all previous versions (historic) will be encripted in the database and the redmine logs will be filtered.	Compatible with Redmine 2.2.x, 1.4.x.
Wiki Extensions	http://www.redmine.org/plugins/wikiextensions	Wiki Extensions is a plugin which adds several useful wiki macros to Redmine.	Compatible with Redmine 2.3.x, 2.2.x.
Wiki GChart Formula Plugin	http://www.redmine.org/plugins/wiki_gchart_formula	You can write formula in LaTeX style as follows:	Compatible with Redmine 1.2.x, 1.3.x.
Wiki HTML Utility	http://www.redmine.org/plugins/wiki_html_utility	Redmine Wiki Macros that allows placement of raw HTML, CSS or JS into your wiki. Useful for Web UI Demos.	Compatible with Redmine 1.2.x.
Wiki Notes	http://www.redmine.org/plugins/redmine_wiki_notes	Adds macros to the wiki displaying various boxes with colored background and icons - e.g. warnings, important, notes and tips.	Compatible with Redmine 1.0.x, 1.1.x, 1.2.x.
Wiki Project Macros	http://www.redmine.org/plugins/wiki_project_macros	Macro in order to list projects of the current user.	Compatible with Redmine 2.2.x, 2.1.x, 2.0.x.
Wiki Sidebar: Table of Content and Project Tree plugin	http://www.redmine.org/plugins/redmine_sidebar_toc_pt	This plugin is based on 	Compatible with Redmine 2.3.x.
Wiki Table-Of-Contents	http://www.redmine.org/plugins/wiki-toc	This plug-in allows to order Wiki pages and adds a macro to display the table of contents of Wiki pages in the specified order. Also it changes the way links to Wiki pages displayed by adding a number like "1.1.2." to the title of the page.	Compatible with Redmine 2.1.x, 2.0.x, 1.4.x.
Wiki toolbar files button	http://www.redmine.org/plugins/redmine_wiki_files_toolbar	Plugin adds button which allows to quickly insert names of attachments to wiki toolbar for issues, messages and wiki pages.	xls_show
Wiki UNC Link	http://www.redmine.org/plugins/wiki_unc_link	This plugin provides a macro ‘unc’ to make a link to your server share.	Compatible with Redmine 0.8.x, 0.9.x, 1.0.x, 1.1.x.
Wiki User Macros	http://www.redmine.org/plugins/wiki_user_macros	Macros in order to list users and project members.	Compatible with Redmine 2.2.x, 2.1.x, 2.0.x.
WikiNG	http://www.redmine.org/plugins/wiking	Redmine Wiki: Next Generation plugin (WikiNG) adds some new and useful extentions to Redmine Wiki syntax. Among them are:	Compatible with Redmine 2.1.x, 2.0.x, 1.4.x, 1.3.x, 1.2.x, 1.1.x, 1.0.x.
Wordpress Update	http://www.redmine.org/plugins/redmine_wordpress_update	Allows Wordpress plugins and themes to use Redmine as a remote update server. Metadata and packages are automatically generated from the repository content.	Compatible with Redmine 1.3.x.
Work Time	http://www.redmine.org/plugins/worktime	WorkTime is a plugin to view and update TimeEntry by each user.	Compatible with Redmine 2.3.x, 2.2.x, 2.1.x, 2.0.x.
WorkLoad	http://www.redmine.org/plugins/dnoise_workload	Graphic team workload representation, designed to see "in a sight" the overall workload of your teammates and how many resources are consumming each issue. It shows also the timing of the issues or if a team mate is overloaded.	Compatible with Redmine 1.1.x, 1.2.x, 1.3.x.
Xapian search plugin	http://www.redmine.org/plugins/redmine_xapian	A plugin to allow attachment searches by file name and content with xapian search engine.	Compatible with Redmine 1.0.x.
XLS Export	http://www.redmine.org/plugins/redmine_xls_export	With the help of this plugin you can export issues list with all information to XLS file. Also it is possible to export issues with attachments as a ZIP archive.	Compatible with Redmine 1.3.x, 1.4.x, 2.0.x.
YouTube macro plugin for Wiki Redmine	http://www.redmine.org/plugins/redmine_youtube_video	This plugin adds a macro to Wiki Redmine that allow the posting of YouTube videos	Compatible with Redmine 2.4.x, 2.3.x, 2.2.x, 2.1.x.
Zen edit	http://www.redmine.org/plugins/zenedit	Plugin adds Zen button on every new wiki edit text area  across the redmine. This will immediately launch you into Zen Editing Mode, removing all distractions so you can focus completely on writing. You can choose between two themes—light, or dark. To change your theme, use the switcher at the top right of your window.	Compatible with Redmine 2.3.x, 2.2.x, 2.1.x.
